Date,DSKY.ME,GAZP.ME,KMAZ.ME,RASP.ME,RUAL.ME,SBER.ME
01.04.2020,90.12000274658203,180.05999755859375,51.0,97.76000213623047,24.7549991607666,184.77999877929688
02.04.2020,90.62000274658203,187.0399932861328,50.599998474121094,99.4000015258789,24.954999923706055,186.9499969482422
03.04.2020,94.41999816894531,189.77000427246094,53.599998474121094,99.0999984741211,24.829999923706055,185.63999938964844
06.04.2020,97.80000305175781,191.10000610351562,54.400001525878906,100.91999816894531,25.7549991607666,190.6999969482422
07.04.2020,98.12000274658203,191.22000122070312,54.599998474121094,98.9800033569336,26.049999237060547,197.6300048828125
08.04.2020,100.0,194.11000061035156,53.70000076293945,100.68000030517578,25.75,200.2899932861328
09.04.2020,101.45999908447266,193.86000061035156,53.900001525878906,101.9800033569336,26.024999618530273,203.61000061035156
10.04.2020,100.36000061035156,192.0,54.20000076293945,101.0999984741211,25.885000228881836,201.99000549316406
13.04.2020,98.0999984741211,188.07000732421875,54.20000076293945,99.4000015258789,25.350000381469727,198.25999450683594
14.04.2020,100.5,190.11000061035156,54.099998474121094,100.77999877929688,26.0049991607666,197.3699951171875
15.04.2020,95.45999908447266,184.25,52.0,98.0999984741211,24.975000381469727,186.07000732421875
16.04.2020,93.0,184.3000030517578,53.099998474121094,100.16000366210938,25.75,188.5
17.04.2020,91.30000305175781,184.67999267578125,53.0,104.5999984741211,25.600000381469727,191.8000030517578
20.04.2020,90.0199966430664,185.50999450683594,52.599998474121094,104.0199966430664,25.704999923706055,189.32000732421875
21.04.2020,88.0,181.9199981689453,51.599998474121094,101.76000213623047,25.4950008392334,186.0500030517578
22.04.2020,87.12000274658203,188.36000061035156,52.900001525878906,105.81999969482422,25.790000915527344,190.1999969482422
23.04.2020,88.0999984741211,188.72999572753906,54.0,104.91999816894531,26.19499969482422,190.94000244140625
24.04.2020,86.81999969482422,185.7100067138672,54.900001525878906,105.45999908447266,25.709999084472656,188.91000366210938
27.04.2020,87.04000091552734,186.2899932861328,55.099998474121094,107.5999984741211,26.049999237060547,188.89999389648438
28.04.2020,88.9800033569336,188.5,55.79999923706055,106.63999938964844,26.149999618530273,192.8000030517578
29.04.2020,91.23999786376953,193.8699951171875,55.5,105.0,26.510000228881836,195.8000030517578
30.04.2020,87.80000305175781,190.0,55.099998474121094,106.04000091552734,26.3700008392334,197.25
04.05.2020,86.5,185.6999969482422,55.099998474121094,105.58000183105469,26.18000030517578,193.69000244140625
05.05.2020,87.22000122070312,190.0,56.0,105.95999908447266,26.43000030517578,194.75
06.05.2020,86.5999984741211,187.0500030517578,55.599998474121094,104.95999908447266,26.170000076293945,195.6999969482422
07.05.2020,86.19999694824219,185.85000610351562,55.29999923706055,105.0,26.0,195.50999450683594
08.05.2020,86.04000091552734,185.33999633789062,56.0,105.31999969482422,25.799999237060547,196.02000427246094
12.05.2020,86.0999984741211,186.1699981689453,55.29999923706055,107.76000213623047,25.790000915527344,191.39999389648438
13.05.2020,85.9000015258789,184.1999969482422,54.29999923706055,106.0,25.350000381469727,187.30999755859375
14.05.2020,83.69999694824219,183.91000366210938,54.20000076293945,105.9800033569336,25.399999618530273,183.80999755859375
15.05.2020,84.19999694824219,183.85000610351562,54.29999923706055,106.33999633789062,25.219999313354492,183.85000610351562
18.05.2020,86.54000091552734,192.5,55.20000076293945,107.12000274658203,25.729999542236328,188.92999267578125
19.05.2020,86.94000244140625,194.1999969482422,54.70000076293945,107.33999633789062,25.799999237060547,189.0
20.05.2020,95.0999984741211,196.74000549316406,55.20000076293945,108.66000366210938,26.264999389648438,193.97999572753906
21.05.2020,94.87999725341797,194.74000549316406,55.400001525878906,107.9000015258789,26.235000610351562,192.39999389648438
22.05.2020,96.12000274658203,194.35000610351562,54.900001525878906,109.0,26.200000762939453,188.89999389648438
25.05.2020,95.95999908447266,197.5500030517578,55.20000076293945,109.5,26.729999542236328,191.0
26.05.2020,97.80000305175781,196.86000061035156,55.599998474121094,110.0999984741211,27.43000030517578,194.0
27.05.2020,96.0,194.72999572753906,55.29999923706055,110.87999725341797,27.69499969482422,198.50999450683594
28.05.2020,97.9800033569336,196.86000061035156,55.5,110.9800033569336,28.299999237060547,205.0
29.05.2020,99.0199966430664,199.9499969482422,55.900001525878906,107.5,27.809999465942383,200.5
01.06.2020,99.04000091552734,198.72000122070312,56.0,109.55999755859375,28.094999313354492,203.66000366210938
02.06.2020,98.05999755859375,201.97000122070312,60.70000076293945,110.30000305175781,28.209999084472656,212.0
03.06.2020,100.04000091552734,208.0,59.400001525878906,110.0,28.0,221.5
04.06.2020,101.19999694824219,201.4600067138672,58.29999923706055,109.22000122070312,26.920000076293945,213.10000610351562
05.06.2020,100.94000244140625,203.0500030517578,60.0,107.0999984741211,27.649999618530273,219.10000610351562
08.06.2020,98.0,204.91000366210938,59.400001525878906,109.87999725341797,27.75,220.3000030517578
09.06.2020,98.5,204.83999633789062,58.0,109.05999755859375,27.799999237060547,217.22999572753906
10.06.2020,98.5199966430664,201.75,58.70000076293945,108.41999816894531,27.594999313354492,212.52999877929688
11.06.2020,97.9000015258789,196.74000549316406,57.29999923706055,107.5,26.770000457763672,208.35000610351562
15.06.2020,98.0999984741211,194.1999969482422,58.599998474121094,107.0199966430664,26.78499984741211,207.32000732421875
16.06.2020,96.80000305175781,196.58999633789062,57.79999923706055,107.86000061035156,27.25,207.75999450683594
17.06.2020,97.4000015258789,195.86000061035156,57.70000076293945,110.9000015258789,26.885000228881836,208.13999938964844
18.06.2020,99.23999786376953,193.0,57.29999923706055,111.27999877929688,26.815000534057617,203.77000427246094
19.06.2020,103.4800033569336,195.80999755859375,57.599998474121094,111.41999816894531,26.979999542236328,207.0
22.06.2020,102.5999984741211,193.8000030517578,58.099998474121094,111.86000061035156,26.5,205.94000244140625
23.06.2020,101.83999633789062,195.02000427246094,57.400001525878906,112.22000122070312,26.59000015258789,207.41000366210938
25.06.2020,101.0999984741211,191.2899932861328,57.0,111.5,26.239999771118164,205.4499969482422
26.06.2020,101.30000305175781,192.8800048828125,57.0,111.87999725341797,26.3799991607666,203.3699951171875
29.06.2020,100.54000091552734,197.33999633789062,57.0,109.95999908447266,26.440000534057617,205.22999572753906
30.06.2020,100.5999984741211,193.89999389648438,57.0,108.30000305175781,26.280000686645508,203.07000732421875
02.07.2020,102.0999984741211,195.11000061035156,57.5,110.91999816894531,26.149999618530273,209.60000610351562
03.07.2020,103.5,197.35000610351562,57.099998474121094,109.44000244140625,26.649999618530273,210.69000244140625
06.07.2020,106.77999877929688,199.49000549316406,57.79999923706055,110.9000015258789,26.53499984741211,214.41000366210938
07.07.2020,106.0999984741211,198.3000030517578,57.400001525878906,110.72000122070312,26.69499969482422,211.72999572753906
08.07.2020,106.30000305175781,200.77000427246094,56.79999923706055,109.5,26.950000762939453,209.85000610351562
09.07.2020,105.30000305175781,199.1199951171875,56.79999923706055,109.45999908447266,26.5049991607666,208.94000244140625
10.07.2020,106.80000305175781,201.0800018310547,56.20000076293945,107.5,26.44499969482422,212.14999389648438
13.07.2020,108.86000061035156,196.6999969482422,58.70000076293945,108.72000122070312,26.209999084472656,210.0500030517578
14.07.2020,106.9000015258789,194.14999389648438,57.79999923706055,104.77999877929688,25.399999618530273,208.8800048828125
15.07.2020,108.54000091552734,181.66000366210938,57.79999923706055,109.0,25.799999237060547,210.5
16.07.2020,110.19999694824219,183.4600067138672,58.099998474121094,106.73999786376953,26.0,211.67999267578125
17.07.2020,112.54000091552734,184.7899932861328,58.5,107.73999786376953,25.905000686645508,210.77000427246094
20.07.2020,112.76000213623047,188.1300048828125,58.29999923706055,107.0,25.940000534057617,212.63999938964844
21.07.2020,115.27999877929688,187.3699951171875,58.20000076293945,107.05999755859375,26.0049991607666,216.1999969482422
22.07.2020,116.4000015258789,186.88999938964844,58.20000076293945,107.26000213623047,26.235000610351562,217.02000427246094
23.07.2020,116.77999877929688,185.8300018310547,58.0,107.76000213623047,26.850000381469727,216.89999389648438
24.07.2020,115.0999984741211,185.38999938964844,58.099998474121094,107.76000213623047,26.559999465942383,215.64999389648438
27.07.2020,115.04000091552734,184.52999877929688,57.79999923706055,108.0,26.979999542236328,216.0
28.07.2020,115.4000015258789,184.10000610351562,58.0,107.72000122070312,27.75,216.05999755859375
29.07.2020,115.27999877929688,184.25,60.29999923706055,107.12000274658203,28.200000762939453,218.4499969482422
30.07.2020,115.62000274658203,182.05999755859375,59.5,105.12000274658203,28.03499984741211,217.2899932861328
31.07.2020,116.9000015258789,182.2899932861328,57.70000076293945,105.9000015258789,27.799999237060547,220.8000030517578
03.08.2020,118.0,183.50999450683594,58.20000076293945,106.45999908447266,28.93000030517578,226.89999389648438
04.08.2020,119.68000030517578,183.08999633789062,58.400001525878906,107.63999938964844,29.309999465942383,226.99000549316406
05.08.2020,121.69999694824219,189.38999938964844,58.5,110.04000091552734,30.434999465942383,226.24000549316406
06.08.2020,121.27999877929688,188.66000366210938,58.599998474121094,111.16000366210938,30.295000076293945,225.24000549316406
07.08.2020,119.62000274658203,187.1300048828125,65.69999694824219,112.81999969482422,30.100000381469727,226.80999755859375
10.08.2020,118.54000091552734,187.1999969482422,64.9000015258789,112.0,30.684999465942383,225.32000732421875
11.08.2020,119.66000366210938,191.5,64.0999984741211,113.36000061035156,30.68000030517578,234.24000549316406
12.08.2020,120.63999938964844,192.39999389648438,65.0,115.04000091552734,30.764999389648438,240.3000030517578
13.08.2020,121.55999755859375,193.9499969482422,64.80000305175781,116.83999633789062,30.899999618530273,241.92999267578125
14.08.2020,120.5,192.3800048828125,65.4000015258789,114.77999877929688,30.770000457763672,239.60000610351562
17.08.2020,119.45999908447266,190.0800018310547,64.19999694824219,115.5,30.459999084472656,237.2100067138672
18.08.2020,120.4800033569336,190.57000732421875,63.5,113.76000213623047,30.610000610351562,236.14999389648438
19.08.2020,120.94000244140625,189.74000549316406,66.80000305175781,115.69999694824219,31.3799991607666,239.61000061035156
20.08.2020,119.19999694824219,186.16000366210938,64.5,113.66000366210938,30.739999771118164,231.3000030517578
21.08.2020,120.05999755859375,184.17999267578125,64.4000015258789,113.36000061035156,30.780000686645508,231.35000610351562
24.08.2020,122.68000030517578,186.8800048828125,64.30000305175781,117.69999694824219,32.15999984741211,231.10000610351562
25.08.2020,121.0199966430664,186.25,63.900001525878906,115.76000213623047,32.14500045776367,227.3800048828125
26.08.2020,123.36000061035156,187.97999572753906,63.29999923706055,118.12000274658203,32.05500030517578,227.85000610351562
27.08.2020,124.41999816894531,184.44000244140625,64.9000015258789,117.72000122070312,31.860000610351562,226.86000061035156
28.08.2020,119.0999984741211,182.75,63.900001525878906,115.22000122070312,30.7549991607666,226.1999969482422
31.08.2020,115.76000213623047,181.19000244140625,63.79999923706055,114.5999984741211,30.75,225.8000030517578
01.09.2020,112.77999877929688,183.89999389648438,63.29999923706055,115.0,31.40999984741211,227.27999877929688
02.09.2020,112.0999984741211,181.99000549316406,62.29999923706055,113.12000274658203,31.375,222.52999877929688
03.09.2020,111.4000015258789,179.88999938964844,61.20000076293945,111.18000030517578,31.43000030517578,219.1999969482422
04.09.2020,109.4000015258789,178.7899932861328,61.79999923706055,111.5199966430664,31.770000457763672,220.50999450683594
07.09.2020,111.33999633789062,177.36000061035156,63.099998474121094,111.81999969482422,31.719999313354492,221.0
08.09.2020,110.77999877929688,173.1699981689453,61.599998474121094,111.55999755859375,31.55500030517578,218.07000732421875
09.09.2020,112.0999984741211,173.11000061035156,62.5,112.69999694824219,31.395000457763672,218.0
10.09.2020,111.36000061035156,174.36000061035156,62.70000076293945,112.69999694824219,32.119998931884766,221.99000549316406
11.09.2020,112.0999984741211,177.88999938964844,62.599998474121094,114.5199966430664,32.189998626708984,220.89999389648438
14.09.2020,111.86000061035156,178.07000732421875,62.5,115.19999694824219,32.59000015258789,226.86000061035156
15.09.2020,112.26000213623047,182.6999969482422,62.900001525878906,119.5,33.06999969482422,231.24000549316406
16.09.2020,113.91999816894531,183.3699951171875,62.70000076293945,118.19999694824219,32.71500015258789,231.1999969482422
17.09.2020,114.80000305175781,183.72000122070312,63.0,119.16000366210938,32.45500183105469,231.5
18.09.2020,114.19999694824219,182.14999389648438,63.20000076293945,118.41999816894531,33.31999969482422,229.94000244140625
21.09.2020,112.66000366210938,176.14999389648438,62.0,117.0199966430664,32.59000015258789,225.38999938964844
22.09.2020,114.26000213623047,178.86000061035156,62.099998474121094,118.9000015258789,32.59000015258789,227.72000122070312
23.09.2020,114.08000183105469,177.64999389648438,61.70000076293945,120.68000030517578,32.59000015258789,228.1199951171875
24.09.2020,114.68000030517578,176.27000427246094,61.5,119.9000015258789,32.59000015258789,228.39999389648438
25.09.2020,116.41999816894531,172.47999572753906,60.599998474121094,119.37999725341797,32.59000015258789,228.07000732421875
28.09.2020,117.44000244140625,172.14999389648438,59.900001525878906,120.05999755859375,32.310001373291016,228.61000061035156
29.09.2020,115.72000122070312,171.0500030517578,59.70000076293945,120.91999816894531,31.94499969482422,224.86000061035156
30.09.2020,117.22000122070312,171.3699951171875,59.70000076293945,121.36000061035156,31.440000534057617,228.66000366210938
01.10.2020,118.81999969482422,168.38999938964844,59.900001525878906,119.77999877929688,31.15999984741211,227.9600067138672
02.10.2020,119.72000122070312,169.44000244140625,59.29999923706055,119.5999984741211,31.079999923706055,208.47000122070312
05.10.2020,119.63999938964844,169.88999938964844,59.400001525878906,120.86000061035156,31.239999771118164,208.75999450683594
06.10.2020,119.04000091552734,172.4600067138672,59.79999923706055,120.36000061035156,31.389999389648438,212.0800018310547
07.10.2020,118.54000091552734,167.8000030517578,59.29999923706055,119.77999877929688,30.959999084472656,210.38999938964844
08.10.2020,118.66000366210938,167.05999755859375,59.29999923706055,119.45999908447266,31.3799991607666,207.97000122070312
09.10.2020,116.77999877929688,167.3000030517578,59.599998474121094,118.5,32.005001068115234,206.38999938964844
12.10.2020,118.23999786376953,169.0500030517578,60.29999923706055,119.0199966430664,32.47999954223633,206.1199951171875
13.10.2020,118.86000061035156,166.19000244140625,59.400001525878906,117.44000244140625,32.95500183105469,205.13999938964844
14.10.2020,119.0999984741211,167.0399932861328,60.20000076293945,116.63999938964844,33.349998474121094,207.42999267578125
15.10.2020,119.0999984741211,167.0399932861328,60.20000076293945,116.63999938964844,33.349998474121094,207.42999267578125
16.10.2020,119.0999984741211,167.0399932861328,60.20000076293945,116.63999938964844,33.349998474121094,207.42999267578125
19.10.2020,114.12000274658203,163.9199981689453,62.400001525878906,113.41999816894531,33.67499923706055,203.5500030517578
20.10.2020,116.19999694824219,166.32000732421875,61.79999923706055,114.4000015258789,33.7400016784668,209.11000061035156
21.10.2020,114.23999786376953,164.27000427246094,61.79999923706055,113.63999938964844,32.71500015258789,210.3000030517578
22.10.2020,114.9000015258789,165.14999389648438,61.70000076293945,117.36000061035156,32.904998779296875,209.27000427246094
23.10.2020,115.19999694824219,164.74000549316406,61.400001525878906,115.16000366210938,32.834999084472656,213.75
26.10.2020,114.9000015258789,161.72999572753906,61.20000076293945,115.13999938964844,32.65999984741211,211.8699951171875
27.10.2020,114.76000213623047,158.88999938964844,60.400001525878906,113.08000183105469,31.665000915527344,207.89999389648438
28.10.2020,113.18000030517578,154.91000366210938,59.0,111.18000030517578,30.344999313354492,206.42999267578125
29.10.2020,110.95999908447266,156.02999877929688,58.599998474121094,111.0,30.7450008392334,204.6699981689453
30.10.2020,109.86000061035156,154.75999450683594,57.70000076293945,111.04000091552734,30.450000762939453,201.08999633789062
02.11.2020,111.4800033569336,157.52000427246094,57.900001525878906,112.0,30.985000610351562,204.08999633789062
03.11.2020,112.80000305175781,160.3800048828125,58.0,114.18000030517578,31.6200008392334,210.5
05.11.2020,115.16000366210938,164.25999450683594,59.70000076293945,115.54000091552734,31.485000610351562,217.30999755859375
06.11.2020,118.19999694824219,164.5500030517578,60.79999923706055,114.41999816894531,31.364999771118164,217.05999755859375
09.11.2020,116.69999694824219,170.39999389648438,61.20000076293945,120.45999908447266,32.30500030517578,229.77999877929688
10.11.2020,117.0999984741211,172.77999877929688,61.0,125.0,32.20000076293945,236.77999877929688
11.11.2020,115.55999755859375,171.89999389648438,61.70000076293945,130.0,32.31999969482422,244.64999389648438
12.11.2020,116.5,173.9600067138672,61.29999923706055,131.0,32.5099983215332,244.32000732421875
13.11.2020,117.77999877929688,179.49000549316406,61.20000076293945,153.60000610351562,32.96500015258789,241.0500030517578
16.11.2020,120.27999877929688,184.94000244140625,61.099998474121094,155.17999267578125,33.54499816894531,247.52999877929688
17.11.2020,120.30000305175781,183.02999877929688,64.4000015258789,154.02000427246094,33.380001068115234,245.39999389648438
18.11.2020,124.69999694824219,186.35000610351562,63.900001525878906,154.44000244140625,34.84000015258789,244.72000122070312
19.11.2020,123.33999633789062,183.67999267578125,63.29999923706055,155.5,36.0,239.0500030517578
20.11.2020,126.4000015258789,182.52999877929688,61.5,152.0,36.474998474121094,237.8800048828125
23.11.2020,128.5399932861328,182.88999938964844,62.900001525878906,146.27999877929688,36.70500183105469,238.7100067138672
24.11.2020,126.86000061035156,186.57000732421875,63.400001525878906,144.75999450683594,36.880001068115234,246.1199951171875
25.11.2020,124.58000183105469,187.61000061035156,63.5,147.44000244140625,36.95500183105469,250.36000061035156
26.11.2020,125.69999694824219,185.5,63.400001525878906,146.44000244140625,36.59000015258789,250.86000061035156
27.11.2020,125.94000244140625,185.89999389648438,63.900001525878906,147.82000732421875,36.47999954223633,251.0500030517578
30.11.2020,140.5800018310547,182.41000366210938,63.70000076293945,146.22000122070312,37.41999816894531,250.0
01.12.2020,141.8800048828125,184.38999938964844,64.5,151.97999572753906,38.6150016784668,259.4599914550781
02.12.2020,136.82000732421875,186.64999389648438,66.0,151.02000427246094,39.57500076293945,264.260009765625
03.12.2020,138.1999969482422,185.9499969482422,65.5,146.55999755859375,39.400001525878906,263.7099914550781
04.12.2020,139.39999389648438,188.7100067138672,65.9000015258789,146.52000427246094,39.630001068115234,269.3999938964844
07.12.2020,142.74000549316406,191.30999755859375,65.5999984741211,148.1199951171875,40.189998626708984,275.1499938964844
08.12.2020,142.8000030517578,190.0399932861328,65.0999984741211,148.4199981689453,39.7400016784668,275.55999755859375
09.12.2020,141.5,190.39999389648438,65.0,149.0,39.599998474121094,278.0199890136719
10.12.2020,138.02000427246094,193.0800018310547,63.70000076293945,149.27999877929688,39.904998779296875,280.8800048828125
11.12.2020,146.0,199.49000549316406,64.30000305175781,149.25999450683594,39.619998931884766,283.42999267578125
14.12.2020,145.36000061035156,199.50999450683594,63.900001525878906,147.5800018310547,39.88999938964844,279.3800048828125
15.12.2020,144.60000610351562,199.4199981689453,64.5999984741211,147.5800018310547,40.08000183105469,277.20001220703125
16.12.2020,145.44000244140625,205.60000610351562,64.5,148.3000030517578,39.939998626708984,278.20001220703125
17.12.2020,141.1199951171875,213.72999572753906,64.5,148.3000030517578,37.974998474121094,278.1199951171875
18.12.2020,135.33999633789062,213.47999572753906,64.19999694824219,148.6199951171875,36.5099983215332,270.29998779296875
21.12.2020,134.89999389648438,203.58999633789062,62.400001525878906,153.3000030517578,34.35499954223633,260.0799865722656
22.12.2020,137.6199951171875,209.42999267578125,64.19999694824219,154.47999572753906,35.97999954223633,262.8699951171875
23.12.2020,143.1199951171875,211.0500030517578,63.70000076293945,154.86000061035156,34.959999084472656,269.07000732421875
24.12.2020,145.05999755859375,205.13999938964844,62.79999923706055,155.77999877929688,34.70000076293945,268.8500061035156
25.12.2020,140.63999938964844,205.4600067138672,63.70000076293945,155.67999267578125,34.72999954223633,270.70001220703125
28.12.2020,139.47999572753906,205.91000366210938,64.0,154.5399932861328,35.654998779296875,274.5299987792969
29.12.2020,136.10000610351562,209.02000427246094,64.0,156.02000427246094,35.564998626708984,272.5400085449219
30.12.2020,135.6999969482422,212.3699951171875,64.69999694824219,155.77999877929688,35.29499816894531,270.6600036621094
04.01.2021,136.83999633789062,214.80999755859375,64.9000015258789,157.27999877929688,35.900001525878906,274.67999267578125
05.01.2021,136.17999267578125,214.35000610351562,65.0999984741211,156.5,36.88999938964844,273.5199890136719
06.01.2021,135.86000061035156,215.1999969482422,65.0,157.36000061035156,37.01499938964844,273.92999267578125
08.01.2021,135.86000061035156,215.1999969482422,65.0,157.36000061035156,37.01499938964844,273.92999267578125
11.01.2021,133.60000610351562,227.41000366210938,64.80000305175781,158.0,38.939998626708984,288.54998779296875
12.01.2021,132.05999755859375,227.92999267578125,64.9000015258789,156.77999877929688,38.45000076293945,288.32000732421875
13.01.2021,130.8800048828125,227.3699951171875,64.80000305175781,155.0,37.69499969482422,283.6099853515625
14.01.2021,130.9600067138672,228.80999755859375,64.69999694824219,158.0,38.0,284.19000244140625
15.01.2021,130.9199981689453,226.6300048828125,64.5999984741211,158.0,37.58000183105469,276.8699951171875
18.01.2021,132.02000427246094,227.69000244140625,64.9000015258789,155.82000732421875,37.4900016784668,279.79998779296875
19.01.2021,133.6199951171875,223.24000549316406,64.80000305175781,156.5399932861328,36.90999984741211,276.6499938964844
20.01.2021,137.63999938964844,224.27999877929688,64.5999984741211,156.72000122070312,37.45500183105469,278.55999755859375
21.01.2021,141.36000061035156,217.9199981689453,64.0999984741211,157.72000122070312,36.85499954223633,275.0299987792969
22.01.2021,141.9600067138672,214.69000244140625,63.20000076293945,156.0,36.25,267.8999938964844
25.01.2021,141.16000366210938,216.3800048828125,62.900001525878906,159.0800018310547,36.154998779296875,263.5400085449219
26.01.2021,142.6999969482422,218.1199951171875,63.79999923706055,164.02000427246094,36.029998779296875,267.94000244140625
27.01.2021,140.24000549316406,218.4199981689453,62.900001525878906,162.0,35.595001220703125,266.70001220703125
28.01.2021,141.36000061035156,217.75999450683594,62.599998474121094,162.0399932861328,35.52000045776367,265.44000244140625
29.01.2021,142.60000610351562,213.69000244140625,62.400001525878906,166.72000122070312,34.8849983215332,258.5400085449219
01.02.2021,139.27999877929688,213.16000366210938,62.400001525878906,167.0,35.150001525878906,262.2799987792969
02.02.2021,141.8000030517578,217.1300048828125,63.20000076293945,173.39999389648438,36.0,266.75
03.02.2021,140.16000366210938,217.5500030517578,62.79999923706055,178.52000427246094,35.540000915527344,261.8999938964844
04.02.2021,140.44000244140625,218.3300018310547,63.900001525878906,176.5399932861328,35.400001525878906,268.3399963378906
05.02.2021,140.67999267578125,221.41000366210938,63.5,176.25999450683594,35.34000015258789,271.2699890136719
08.02.2021,141.0800018310547,226.5399932861328,63.599998474121094,181.8000030517578,36.630001068115234,275.3900146484375
09.02.2021,142.39999389648438,226.74000549316406,63.29999923706055,179.83999633789062,37.2599983215332,267.9200134277344
10.02.2021,144.67999267578125,223.47000122070312,63.900001525878906,179.39999389648438,36.81999969482422,266.489990234375
11.02.2021,143.39999389648438,222.27999877929688,63.79999923706055,179.8000030517578,37.224998474121094,265.1400146484375
12.02.2021,143.9600067138672,226.47999572753906,63.29999923706055,179.10000610351562,36.650001525878906,264.8999938964844
15.02.2021,144.05999755859375,228.86000061035156,63.599998474121094,179.8000030517578,37.44499969482422,270.8999938964844
16.02.2021,143.9600067138672,232.0,63.599998474121094,178.1199951171875,37.33000183105469,270.739990234375
17.02.2021,144.3000030517578,227.2100067138672,63.5,178.1199951171875,38.28499984741211,268.8800048828125
18.02.2021,143.67999267578125,225.75999450683594,63.5,174.9199981689453,38.97999954223633,267.5400085449219
19.02.2021,144.82000732421875,225.97000122070312,63.099998474121094,178.44000244140625,40.630001068115234,271.8500061035156
22.02.2021,143.05999755859375,225.25999450683594,62.79999923706055,181.5,41.22999954223633,273.0
24.02.2021,139.63999938964844,221.67999267578125,62.79999923706055,185.60000610351562,39.5,270.9100036621094
25.02.2021,141.16000366210938,223.7100067138672,63.0,185.60000610351562,40.46500015258789,274.75
26.02.2021,141.17999267578125,218.6199951171875,62.20000076293945,181.39999389648438,38.96500015258789,270.1099853515625
01.03.2021,143.75999450683594,221.58999633789062,64.19999694824219,181.39999389648438,39.279998779296875,274.1300048828125
02.03.2021,143.83999633789062,222.5500030517578,64.80000305175781,182.0,39.540000915527344,279.0
03.03.2021,145.0,223.5,64.5999984741211,183.72000122070312,40.82500076293945,279.05999755859375
04.03.2021,143.10000610351562,225.72000122070312,64.30000305175781,180.63999938964844,40.125,280.3699951171875
05.03.2021,141.60000610351562,225.63999938964844,64.30000305175781,178.10000610351562,39.31999969482422,274.9599914550781
09.03.2021,136.36000061035156,232.24000549316406,64.5999984741211,181.4600067138672,39.814998626708984,284.95001220703125
10.03.2021,139.97999572753906,231.7899932861328,64.5999984741211,181.4600067138672,41.130001068115234,281.9800109863281
11.03.2021,139.4600067138672,231.88999938964844,64.5999984741211,182.55999755859375,43.33000183105469,285.7200012207031
12.03.2021,139.10000610351562,234.10000610351562,64.5999984741211,181.1999969482422,43.98500061035156,285.6499938964844
15.03.2021,136.47999572753906,236.38999938964844,65.0,189.1199951171875,45.80500030517578,291.3599853515625
16.03.2021,136.8000030517578,235.35000610351562,64.5999984741211,185.72000122070312,45.125,293.32000732421875
17.03.2021,134.5800018310547,228.33999633789062,65.0999984741211,183.3000030517578,44.45000076293945,281.3999938964844
18.03.2021,135.66000366210938,227.8800048828125,65.0,181.5,46.2599983215332,283.1499938964844
19.03.2021,135.6199951171875,224.52000427246094,65.5,181.5399932861328,46.41999816894531,284.29998779296875
22.03.2021,137.89999389648438,221.27999877929688,65.5,183.74000549316406,46.724998474121094,289.2099914550781
23.03.2021,136.55999755859375,223.32000732421875,64.5999984741211,183.02000427246094,46.3650016784668,282.95001220703125
24.03.2021,137.5399932861328,224.55999755859375,65.0,183.32000732421875,45.43000030517578,286.9599914550781
25.03.2021,137.39999389648438,223.8300018310547,64.30000305175781,184.5,43.66999816894531,285.5799865722656
26.03.2021,137.97999572753906,225.97000122070312,65.0,184.94000244140625,45.709999084472656,288.989990234375
29.03.2021,138.0800018310547,228.5500030517578,65.0,193.0,48.41999816894531,293.04998779296875
30.03.2021,140.52000427246094,226.4199981689453,64.5999984741211,189.67999267578125,48.61000061035156,293.45001220703125
31.03.2021,142.52000427246094,228.1300048828125,64.69999694824219,188.02000427246094,49.650001525878906,291.2799987792969
01.04.2021,142.3800048828125,226.5500030517578,64.9000015258789,187.97999572753906,48.900001525878906,289.4100036621094
02.04.2021,141.33999633789062,228.5500030517578,64.9000015258789,190.33999633789062,49.400001525878906,291.8399963378906
05.04.2021,139.0399932861328,224.77999877929688,65.4000015258789,190.22000122070312,48.974998474121094,288.9200134277344
06.04.2021,143.05999755859375,223.64999389648438,65.0999984741211,187.5,48.974998474121094,282.05999755859375
07.04.2021,143.55999755859375,224.05999755859375,65.0,188.3000030517578,48.70500183105469,282.3900146484375
08.04.2021,146.0399932861328,224.2899932861328,67.0999984741211,188.3000030517578,48.689998626708984,283.8500061035156
09.04.2021,144.3800048828125,221.9199981689453,65.30000305175781,188.6199951171875,48.915000915527344,280.4100036621094
12.04.2021,148.6999969482422,222.38999938964844,65.0999984741211,193.02000427246094,50.2400016784668,281.7799987792969
13.04.2021,150.44000244140625,225.00999450683594,65.19999694824219,193.63999938964844,52.150001525878906,285.9599914550781
14.04.2021,152.32000732421875,235.49000549316406,65.30000305175781,202.47999572753906,54.16999816894531,287.989990234375
15.04.2021,153.5,234.9600067138672,65.80000305175781,200.10000610351562,55.16999816894531,283.5400085449219
16.04.2021,154.0,234.9499969482422,66.0,231.86000061035156,55.02000045776367,288.7300109863281
19.04.2021,152.67999267578125,231.0,69.9000015258789,227.0,53.2400016784668,287.44000244140625
20.04.2021,154.33999633789062,229.9199981689453,68.19999694824219,221.83999633789062,52.150001525878906,287.739990234375
21.04.2021,153.3000030517578,230.19000244140625,69.69999694824219,231.16000366210938,53.19499969482422,288.45001220703125
22.04.2021,151.36000061035156,231.4199981689453,70.0999984741211,249.0,53.95000076293945,292.7200012207031
23.04.2021,151.52000427246094,232.36000061035156,70.4000015258789,239.25999450683594,54.290000915527344,293.0
26.04.2021,156.24000549316406,233.3800048828125,69.69999694824219,239.13999938964844,54.755001068115234,295.04998779296875
27.04.2021,159.32000732421875,232.22999572753906,70.4000015258789,235.66000366210938,53.04999923706055,297.8500061035156
28.04.2021,153.24000549316406,232.4499969482422,69.9000015258789,239.5800018310547,52.584999084472656,298.2699890136719
29.04.2021,149.94000244140625,229.61000061035156,70.69999694824219,237.33999633789062,52.005001068115234,296.5
30.04.2021,150.44000244140625,229.97000122070312,69.80000305175781,237.4199981689453,50.619998931884766,297.57000732421875
04.05.2021,151.05999755859375,233.4499969482422,70.80000305175781,237.3000030517578,52.470001220703125,302.07000732421875
05.05.2021,152.24000549316406,236.99000549316406,70.5999984741211,238.0399932861328,52.244998931884766,305.7200012207031
06.05.2021,155.9199981689453,240.69000244140625,70.30000305175781,237.8000030517578,53.650001525878906,312.94000244140625
07.05.2021,154.82000732421875,241.8000030517578,70.5,237.8000030517578,55.79999923706055,317.92999267578125
10.05.2021,155.6199951171875,242.4199981689453,70.0,238.10000610351562,57.14500045776367,319.29998779296875
11.05.2021,151.10000610351562,241.85000610351562,70.0,239.86000061035156,56.54999923706055,306.2799987792969
12.05.2021,150.1999969482422,243.30999755859375,68.4000015258789,244.0800018310547,56.75,302.05999755859375
13.05.2021,150.13999938964844,246.39999389648438,68.30000305175781,251.74000549316406,56.79499816894531,306.3399963378906
14.05.2021,151.10000610351562,248.89999389648438,68.5,252.17999267578125,56.744998931884766,303.239990234375
17.05.2021,149.47999572753906,252.7899932861328,70.0999984741211,262.0400085449219,57.29499816894531,303.29998779296875
18.05.2021,151.02000427246094,256.6099853515625,71.5,262.0799865722656,57.38999938964844,304.4800109863281
19.05.2021,147.86000061035156,259.55999755859375,69.80000305175781,257.79998779296875,55.20000076293945,297.4200134277344
20.05.2021,148.32000732421875,258.75,69.9000015258789,266.0,56.060001373291016,296.8399963378906
21.05.2021,148.83999633789062,258.3699951171875,70.0,259.8800048828125,55.959999084472656,301.5799865722656
24.05.2021,150.1999969482422,259.7900085449219,70.5,258.3399963378906,55.51499938964844,300.07000732421875
25.05.2021,151.77999877929688,260.1600036621094,70.5,258.5400085449219,54.60499954223633,306.8999938964844
26.05.2021,152.9600067138672,262.17999267578125,70.5,254.5,55.400001525878906,306.3900146484375
27.05.2021,152.8000030517578,262.8399963378906,70.19999694824219,252.77999877929688,56.525001525878906,313.1499938964844
28.05.2021,152.39999389648438,262.29998779296875,70.19999694824219,254.55999755859375,56.630001068115234,310.0199890136719
31.05.2021,152.32000732421875,260.6199951171875,70.30000305175781,258.5199890136719,57.77000045776367,310.3900146484375
01.06.2021,152.97999572753906,263.9200134277344,70.19999694824219,260.20001220703125,57.55500030517578,311.2099914550781
02.06.2021,155.3000030517578,270.94000244140625,70.5,257.2799987792969,57.90999984741211,313.44000244140625
03.06.2021,155.8800048828125,272.260009765625,73.30000305175781,257.0,57.029998779296875,312.7699890136719
04.06.2021,154.86000061035156,273.7699890136719,73.5999984741211,248.5800018310547,57.11000061035156,310.67999267578125
07.06.2021,153.0800018310547,275.2799987792969,76.9000015258789,245.3000030517578,57.36000061035156,315.1099853515625
08.06.2021,152.0399932861328,274.1499938964844,76.0,242.8800048828125,57.64500045776367,314.3999938964844
09.06.2021,152.3000030517578,275.989990234375,75.0,239.0,57.720001220703125,315.2699890136719
10.06.2021,151.55999755859375,275.79998779296875,74.69999694824219,241.8000030517578,57.244998931884766,314.3699951171875
11.06.2021,151.39999389648438,276.5400085449219,75.5999984741211,247.3000030517578,56.625,313.1000061035156
14.06.2021,150.6999969482422,279.5799865722656,77.0,246.5,57.0099983215332,314.42999267578125
15.06.2021,149.33999633789062,273.7900085449219,75.4000015258789,241.5,56.689998626708984,312.9800109863281
16.06.2021,148.83999633789062,273.20001220703125,74.5999984741211,239.63999938964844,56.220001220703125,312.989990234375
17.06.2021,148.83999633789062,272.3800048828125,74.30000305175781,236.24000549316406,55.040000915527344,314.1400146484375
18.06.2021,149.60000610351562,271.3999938964844,73.30000305175781,240.4600067138672,53.31999969482422,309.80999755859375
21.06.2021,150.0800018310547,271.2799987792969,74.5,236.5,53.224998474121094,309.2300109863281
22.06.2021,150.22000122070312,275.7799987792969,74.19999694824219,235.6199951171875,54.849998474121094,309.6499938964844
23.06.2021,149.22000122070312,277.7699890136719,73.69999694824219,233.5399932861328,56.380001068115234,310.6199951171875
24.06.2021,148.66000366210938,276.8900146484375,74.0999984741211,229.4199981689453,52.439998626708984,310.4700012207031
25.06.2021,148.5800018310547,277.2200012207031,73.30000305175781,224.82000732421875,50.88999938964844,311.79998779296875
28.06.2021,150.74000549316406,277.4800109863281,72.0,219.5800018310547,48.94499969482422,309.57000732421875
29.06.2021,149.6999969482422,276.07000732421875,72.0999984741211,213.8800048828125,47.619998931884766,305.4599914550781
30.06.2021,151.1999969482422,281.1700134277344,71.69999694824219,218.22000122070312,49.65999984741211,305.54998779296875
01.07.2021,150.86000061035156,283.8900146484375,72.0,217.39999389648438,49.43000030517578,305.29998779296875
02.07.2021,150.60000610351562,285.70001220703125,73.30000305175781,216.9600067138672,49.0099983215332,307.260009765625
05.07.2021,151.3000030517578,288.82000732421875,73.30000305175781,245.0,49.45000076293945,307.1700134277344
06.07.2021,151.22000122070312,294.6400146484375,72.30000305175781,235.10000610351562,48.95500183105469,302.7799987792969
07.07.2021,150.9600067138672,296.8900146484375,72.69999694824219,237.44000244140625,49.625,304.1300048828125
08.07.2021,142.25999450683594,291.8999938964844,73.19999694824219,235.97999572753906,49.244998931884766,302.79998779296875
09.07.2021,142.5800018310547,294.5799865722656,74.0,240.1199951171875,49.76499938964844,303.8699951171875
12.07.2021,145.9600067138672,297.1000061035156,74.80000305175781,242.8000030517578,50.16999816894531,306.1400146484375
13.07.2021,145.4600067138672,294.3999938964844,75.9000015258789,241.77999877929688,50.0,303.70001220703125
14.07.2021,143.17999267578125,285.0400085449219,73.9000015258789,253.0,49.6150016784668,302.04998779296875
15.07.2021,144.44000244140625,280.42999267578125,72.0,248.6999969482422,49.7599983215332,301.9599914550781
16.07.2021,143.44000244140625,279.2200012207031,73.5999984741211,252.0,49.15999984741211,300.2099914550781
19.07.2021,139.86000061035156,274.6099853515625,71.80000305175781,249.66000366210938,47.5099983215332,291.2099914550781
20.07.2021,140.5800018310547,275.70001220703125,72.19999694824219,247.8000030517578,47.404998779296875,295.95001220703125
21.07.2021,139.1199951171875,278.7099914550781,72.5,249.1199951171875,47.25,294.92999267578125
22.07.2021,138.5800018310547,283.1499938964844,72.30000305175781,250.67999267578125,47.6349983215332,296.54998779296875
23.07.2021,138.83999633789062,279.7300109863281,72.5999984741211,255.05999755859375,49.47999954223633,295.92999267578125
26.07.2021,137.55999755859375,280.0899963378906,72.4000015258789,254.0,49.654998779296875,302.25
27.07.2021,137.55999755859375,277.6600036621094,72.4000015258789,251.33999633789062,48.970001220703125,299.5
28.07.2021,137.22000122070312,282.4700012207031,72.4000015258789,257.8599853515625,50.720001220703125,302.2699890136719
29.07.2021,137.97999572753906,287.44000244140625,72.30000305175781,261.9200134277344,52.775001525878906,304.0299987792969
30.07.2021,140.0,285.1000061035156,72.19999694824219,257.3599853515625,51.810001373291016,306.0400085449219
02.08.2021,138.02000427246094,286.1499938964844,72.5999984741211,262.70001220703125,52.59000015258789,307.30999755859375
03.08.2021,136.0399932861328,286.8999938964844,72.5,258.94000244140625,51.65999984741211,309.5899963378906
04.08.2021,135.9600067138672,288.6600036621094,72.80000305175781,260.67999267578125,51.57500076293945,311.6099853515625
05.08.2021,136.16000366210938,287.6099853515625,72.9000015258789,260.6400146484375,51.724998474121094,315.19000244140625
06.08.2021,135.6199951171875,282.0799865722656,73.4000015258789,257.739990234375,51.720001220703125,319.6000061035156
09.08.2021,136.77999877929688,287.1000061035156,75.0999984741211,260.5,53.04499816894531,326.9800109863281
10.08.2021,136.74000549316406,287.989990234375,74.80000305175781,259.260009765625,53.64500045776367,329.6400146484375
11.08.2021,137.05999755859375,289.8800048828125,75.0,261.3999938964844,53.9900016784668,330.1000061035156
12.08.2021,139.72000122070312,292.6400146484375,75.19999694824219,260.70001220703125,54.345001220703125,329.20001220703125
13.08.2021,139.60000610351562,292.75,75.19999694824219,265.2200012207031,52.650001525878906,328.70001220703125
16.08.2021,138.0,294.8699951171875,76.4000015258789,263.2799987792969,52.14500045776367,329.4200134277344
17.08.2021,138.25999450683594,298.2200012207031,76.0,263.9200134277344,51.63999938964844,334.9700012207031
18.08.2021,139.24000549316406,298.3500061035156,76.5,262.05999755859375,50.89500045776367,337.79998779296875
19.08.2021,138.16000366210938,292.8500061035156,74.5,254.9600067138672,49.189998626708984,330.7900085449219
20.08.2021,137.6999969482422,292.7900085449219,73.80000305175781,325.0,48.73500061035156,326.57000732421875
23.08.2021,137.22000122070312,297.6099853515625,75.80000305175781,329.9599914550781,50.81999969482422,328.95001220703125
24.08.2021,138.36000061035156,298.30999755859375,75.5999984741211,329.9599914550781,51.904998779296875,324.2900085449219
25.08.2021,140.1199951171875,297.1000061035156,75.4000015258789,349.1199951171875,52.28499984741211,324.7900085449219
26.08.2021,139.27999877929688,295.1000061035156,75.19999694824219,358.0,51.05500030517578,322.8900146484375
27.08.2021,139.6999969482422,298.8999938964844,81.0,359.32000732421875,51.54999923706055,326.7900085449219
30.08.2021,139.6999969482422,304.1400146484375,94.4000015258789,379.9800109863281,51.54999923706055,328.5299987792969
31.08.2021,138.47999572753906,305.79998779296875,117.0,384.0,52.9900016784668,328.1400146484375
01.09.2021,137.60000610351562,311.7300109863281,109.5999984741211,386.05999755859375,54.724998474121094,334.5
02.09.2021,138.6199951171875,314.05999755859375,106.5999984741211,381.29998779296875,57.560001373291016,329.010009765625
03.09.2021,137.6199951171875,317.7099914550781,113.5,377.1400146484375,61.150001525878906,329.70001220703125
06.09.2021,137.0399932861328,325.95001220703125,111.0,383.6000061035156,61.45000076293945,329.5899963378906
07.09.2021,135.8800048828125,327.80999755859375,107.0999984741211,397.739990234375,62.32500076293945,325.54998779296875
08.09.2021,134.0800018310547,326.3900146484375,106.4000015258789,396.67999267578125,67.4000015258789,332.6000061035156
09.09.2021,132.17999267578125,326.79998779296875,104.69999694824219,393.6000061035156,68.23999786376953,327.4700012207031
10.09.2021,130.8800048828125,327.3399963378906,104.30000305175781,399.9200134277344,71.7750015258789,326.8999938964844
13.09.2021,135.66000366210938,331.7699890136719,110.0,402.5400085449219,73.18499755859375,326.7200012207031
14.09.2021,132.86000061035156,338.8599853515625,111.19999694824219,400.239990234375,71.15499877929688,327.4800109863281
15.09.2021,132.17999267578125,342.239990234375,107.5,415.5199890136719,70.45500183105469,332.6700134277344
16.09.2021,132.83999633789062,339.0,107.5,407.760009765625,69.0,326.29998779296875
17.09.2021,130.8000030517578,335.82000732421875,106.5,404.82000732421875,72.38999938964844,330.9200134277344
20.09.2021,130.97999572753906,325.6000061035156,101.9000015258789,375.0,69.41000366210938,327.04998779296875
21.09.2021,130.4600067138672,336.3699951171875,100.5,370.70001220703125,69.16500091552734,323.9100036621094
22.09.2021,130.33999633789062,338.25,102.9000015258789,389.20001220703125,73.09500122070312,327.5400085449219
23.09.2021,130.0,343.32000732421875,107.9000015258789,382.5199890136719,73.95999908447266,326.55999755859375
24.09.2021,130.17999267578125,344.29998779296875,106.0999984741211,387.9800109863281,73.1500015258789,325.3399963378906
27.09.2021,130.05999755859375,352.5,104.30000305175781,395.0,71.61499786376953,331.8599853515625
28.09.2021,129.8000030517578,357.92999267578125,106.30000305175781,388.3399963378906,70.05500030517578,330.70001220703125
29.09.2021,129.52000427246094,358.1000061035156,104.5,386.0,69.23500061035156,328.1000061035156
30.09.2021,130.27999877929688,360.0,104.5,406.3999938964844,69.8550033569336,339.1400146484375
01.10.2021,130.60000610351562,361.1600036621094,102.69999694824219,386.0199890136719,71.30000305175781,337.5899963378906
04.10.2021,130.52000427246094,373.8699951171875,102.4000015258789,382.0400085449219,70.01499938964844,346.8399963378906
05.10.2021,130.83999633789062,386.1499938964844,100.0,385.0,71.04499816894531,363.3800048828125
06.10.2021,131.4600067138672,371.75,99.5,386.3800048828125,70.30000305175781,362.55999755859375
07.10.2021,135.0399932861328,369.010009765625,100.5999984741211,388.5199890136719,72.78500366210938,369.010009765625
08.10.2021,135.4600067138672,367.55999755859375,100.0,394.0799865722656,74.62000274658203,372.9700012207031
11.10.2021,136.39999389648438,370.2300109863281,102.4000015258789,450.29998779296875,76.67500305175781,387.20001220703125
12.10.2021,136.6999969482422,365.19000244140625,101.69999694824219,463.1000061035156,76.91000366210938,378.6099853515625
13.10.2021,136.75999450683594,359.5799865722656,101.19999694824219,444.29998779296875,76.375,380.20001220703125
14.10.2021,138.1199951171875,366.3299865722656,100.9000015258789,462.3599853515625,78.8499984741211,376.489990234375
15.10.2021,135.5,367.989990234375,113.30000305175781,459.32000732421875,81.58499908447266,370.8599853515625
18.10.2021,134.75999450683594,365.1499938964844,127.5,477.82000732421875,84.0199966430664,365.3999938964844
19.10.2021,134.0,367.260009765625,122.80000305175781,473.0,79.11000061035156,371.67999267578125
20.10.2021,135.5800018310547,369.7799987792969,121.0,465.70001220703125,81.25499725341797,371.2900085449219
21.10.2021,134.4600067138672,363.30999755859375,114.5,450.0400085449219,77.44000244140625,364.5899963378906
22.10.2021,134.72000122070312,358.8900146484375,121.5999984741211,449.1000061035156,77.30999755859375,364.8299865722656
25.10.2021,134.9600067138672,363.9599914550781,118.0,449.9599914550781,79.47000122070312,369.7300109863281
26.10.2021,135.27999877929688,365.6700134277344,121.4000015258789,449.9599914550781,78.4749984741211,372.8399963378906
27.10.2021,134.60000610351562,364.1000061035156,121.9000015258789,435.4599914550781,74.9000015258789,372.7699890136719
28.10.2021,135.89999389648438,353.1300048828125,121.9000015258789,432.82000732421875,74.37999725341797,363.95001220703125
29.10.2021,136.6999969482422,349.54998779296875,116.5,432.82000732421875,72.01000213623047,355.70001220703125
01.11.2021,137.5,357.0299987792969,119.4000015258789,467.0,72.6050033569336,370.32000732421875
02.11.2021,136.1999969482422,352.9100036621094,118.9000015258789,454.8399963378906,71.36000061035156,371.20001220703125
03.11.2021,138.05999755859375,350.8800048828125,118.5999984741211,459.1400146484375,70.13500213623047,367.9599914550781
05.11.2021,137.60000610351562,351.1300048828125,117.9000015258789,450.5400085449219,68.19000244140625,359.94000244140625
08.11.2021,139.82000732421875,351.2699890136719,121.0,452.67999267578125,68.87999725341797,358.8500061035156
09.11.2021,144.0,349.9100036621094,120.0999984741211,453.70001220703125,73.4749984741211,356.9200134277344
10.11.2021,144.4199981689453,349.0,125.69999694824219,435.0,73.31999969482422,353.1000061035156
11.11.2021,143.86000061035156,346.8999938964844,123.0,431.0,74.49500274658203,357.1000061035156
12.11.2021,142.36000061035156,335.6199951171875,122.9000015258789,424.70001220703125,74.74500274658203,349.510009765625
15.11.2021,143.5399932861328,339.20001220703125,122.5,424.5400085449219,72.47000122070312,344.5899963378906
16.11.2021,140.0399932861328,336.4599914550781,120.69999694824219,414.5,72.68000030517578,338.7200012207031
17.11.2021,139.55999755859375,348.489990234375,120.69999694824219,404.7200012207031,73.11499786376953,339.3999938964844
18.11.2021,140.39999389648438,345.9800109863281,119.5999984741211,390.6000061035156,71.2300033569336,335.9100036621094
19.11.2021,139.5800018310547,337.0,117.5999984741211,381.239990234375,70.20500183105469,327.25
22.11.2021,138.82000732421875,324.3399963378906,112.5999984741211,371.0,67.45999908447266,309.95001220703125
23.11.2021,134.8000030517578,338.510009765625,116.5999984741211,422.1000061035156,70.9000015258789,324.1000061035156
24.11.2021,135.27999877929688,335.760009765625,116.0,422.1000061035156,71.80500030517578,320.2200012207031
25.11.2021,136.16000366210938,338.5,114.80000305175781,413.9800109863281,73.0250015258789,317.8800048828125
26.11.2021,132.32000732421875,327.6000061035156,110.4000015258789,393.2200012207031,70.1500015258789,305.20001220703125
29.11.2021,137.22000122070312,338.5,110.80000305175781,404.6199951171875,71.46499633789062,316.6400146484375
30.11.2021,137.6199951171875,334.5400085449219,108.69999694824219,392.29998779296875,68.29000091552734,315.6600036621094
01.12.2021,138.39999389648438,349.79998779296875,108.0,392.29998779296875,69.2699966430664,328.8599853515625
02.12.2021,138.67999267578125,350.3900146484375,107.4000015258789,400.70001220703125,69.58499908447266,326.2900085449219
03.12.2021,136.32000732421875,345.6400146484375,106.80000305175781,404.9800109863281,69.18499755859375,320.70001220703125
06.12.2021,135.0800018310547,336.79998779296875,101.0999984741211,399.2799987792969,67.67500305175781,305.5400085449219
07.12.2021,136.13999938964844,338.94000244140625,106.5,399.0,71.29000091552734,307.70001220703125
08.12.2021,134.02000427246094,338.92999267578125,106.0,406.4800109863281,70.82499694824219,293.989990234375
09.12.2021,130.44000244140625,338.1000061035156,105.0999984741211,399.8999938964844,71.91000366210938,302.3900146484375
10.12.2021,127.22000122070312,331.5,104.9000015258789,404.9200134277344,70.0199966430664,295.94000244140625
13.12.2021,120.4800033569336,317.760009765625,103.80000305175781,397.05999755859375,68.9000015258789,281.30999755859375
14.12.2021,118.95999908447266,316.5,100.9000015258789,380.1400146484375,66.25499725341797,282.25
15.12.2021,122.87999725341797,319.45001220703125,100.5999984741211,382.8800048828125,65.76499938964844,281.29998779296875
16.12.2021,126.5999984741211,328.4700012207031,103.0,376.3999938964844,68.2699966430664,297.45001220703125
17.12.2021,128.1999969482422,327.6199951171875,106.4000015258789,398.0,67.82499694824219,296.05999755859375
20.12.2021,128.89999389648438,324.0,106.4000015258789,398.0,67.25,287.25
21.12.2021,128.77999877929688,338.760009765625,105.19999694824219,414.9599914550781,68.66999816894531,290.67999267578125
22.12.2021,128.77999877929688,348.3999938964844,105.5999984741211,425.29998779296875,68.99500274658203,295.29998779296875
23.12.2021,124.19999694824219,340.9100036621094,107.4000015258789,432.2799987792969,70.55000305175781,293.989990234375
24.12.2021,124.45999908447266,338.25,106.30000305175781,454.0,70.9800033569336,293.6199951171875
27.12.2021,124.9800033569336,342.7799987792969,105.0,458.0,72.05000305175781,295.0
28.12.2021,124.37999725341797,345.0,104.5999984741211,459.6000061035156,73.375,295.5299987792969
29.12.2021,124.23999786376953,339.489990234375,104.5999984741211,452.0,73.48999786376953,293.0
30.12.2021,124.87999725341797,342.4700012207031,104.80000305175781,469.29998779296875,73.7750015258789,293.489990234375
03.01.2022,127.04000091552734,350.70001220703125,110.80000305175781,475.20001220703125,73.73500061035156,302.8500061035156
04.01.2022,127.4000015258789,352.30999755859375,110.9000015258789,484.3399963378906,74.13999938964844,304.5
05.01.2022,126.05999755859375,344.239990234375,110.0,483.70001220703125,76.26499938964844,297.260009765625
06.01.2022,125.13999938964844,344.0299987792969,107.19999694824219,480.1000061035156,74.43000030517578,292.9100036621094
10.01.2022,124.83999633789062,342.8900146484375,112.4000015258789,485.6400146484375,76.18499755859375,290.260009765625
11.01.2022,124.22000122070312,343.9100036621094,113.30000305175781,475.32000732421875,76.83999633789062,290.5899963378906
12.01.2022,124.26000213623047,346.2099914550781,114.0999984741211,478.7200012207031,78.97000122070312,289.3299865722656
13.01.2022,123.30000305175781,337.5899963378906,110.5,475.8599853515625,76.6050033569336,272.8999938964844
14.01.2022,117.22000122070312,331.6300048828125,107.0999984741211,466.8800048828125,73.66999816894531,254.58999633789062
17.01.2022,119.68000030517578,327.29998779296875,110.0,427.0,74.1500015258789,257.1000061035156
18.01.2022,119.68000030517578,327.29998779296875,110.0,427.0,74.1500015258789,257.1000061035156
19.01.2022,110.4000015258789,316.8299865722656,105.9000015258789,411.0,73.5,241.38999938964844
20.01.2022,108.77999877929688,318.1000061035156,107.30000305175781,413.79998779296875,73.5,260.0
21.01.2022,102.37999725341797,313.4700012207031,106.30000305175781,414.79998779296875,73.49500274658203,246.85000610351562
24.01.2022,100.41999816894531,292.75,101.0,377.6000061035156,69.68499755859375,234.82000732421875
25.01.2022,102.95999908447266,294.3399963378906,100.80000305175781,389.05999755859375,70.07499694824219,231.6999969482422
26.01.2022,101.80000305175781,302.4200134277344,103.4000015258789,408.0799865722656,72.2750015258789,239.27999877929688
27.01.2022,101.9800033569336,323.0199890136719,104.19999694824219,412.55999755859375,72.83499908447266,253.0
28.01.2022,102.0,328.8800048828125,105.80000305175781,413.0400085449219,72.67500305175781,257.2799987792969
31.01.2022,102.0,328.8800048828125,105.80000305175781,413.0400085449219,72.67500305175781,257.2799987792969
01.02.2022,103.68000030517578,329.79998779296875,105.4000015258789,414.75,71.76000213623047,262.6000061035156
02.02.2022,101.04000091552734,330.94000244140625,103.69999694824219,421.79998779296875,69.9749984741211,258.6400146484375
03.02.2022,99.0,324.82000732421875,102.80000305175781,405.6000061035156,70.5999984741211,252.7100067138672
04.02.2022,98.19999694824219,321.5,103.5999984741211,407.95001220703125,70.91000366210938,254.22000122070312
07.02.2022,97.55999755859375,320.8900146484375,102.69999694824219,408.6000061035156,71.19999694824219,256.69000244140625
08.02.2022,102.18000030517578,331.25,103.69999694824219,415.6499938964844,76.2249984741211,269.04998779296875
09.02.2022,111.0,335.6300048828125,104.19999694824219,461.20001220703125,80.44999694824219,279.3699951171875
10.02.2022,111.95999908447266,331.05999755859375,108.19999694824219,462.6000061035156,84.73500061035156,278.8999938964844
11.02.2022,109.69999694824219,323.8800048828125,106.0999984741211,459.0,82.17500305175781,266.6000061035156
14.02.2022,108.9000015258789,321.6700134277344,103.9000015258789,452.5,83.4800033569336,255.6699981689453
15.02.2022,112.23999786376953,332.1600036621094,106.4000015258789,477.3999938964844,86.26499938964844,270.2099914550781
16.02.2022,112.73999786376953,335.29998779296875,107.19999694824219,517.0,88.95500183105469,277.489990234375
17.02.2022,109.5,324.4599914550781,104.9000015258789,495.25,81.05000305175781,261.04998779296875
18.02.2022,103.5999984741211,310.80999755859375,104.69999694824219,487.0,79.16000366210938,249.0
21.02.2022,100.0,278.1499938964844,93.30000305175781,425.0,69.00499725341797,208.0
22.02.2022,92.0,279.20001220703125,91.9000015258789,481.29998779296875,76.0999984741211,211.0
24.02.2022,63.2599983215332,189.10000610351562,91.9000015258789,481.29998779296875,53.09000015258789,112.5
25.02.2022,85.5999984741211,238.0,72.9000015258789,266.29998779296875,62.29999923706055,130.5
24.03.2022,79.66000366210938,258.510009765625,72.9000015258789,266.29998779296875,69.55000305175781,136.24000549316406
25.03.2022,73.80000305175781,227.0,72.9000015258789,266.29998779296875,66.58999633789062,131.5
28.03.2022,73.72000122070312,218.60000610351562,101.5,349.8999938964844,64.93499755859375,125.0
29.03.2022,73.0,208.0,117.9000015258789,387.79998779296875,63.0,128.77000427246094
30.03.2022,80.9800033569336,216.0,111.30000305175781,424.3500061035156,65.4749984741211,134.60000610351562
31.03.2022,87.5,242.47999572753906,108.4000015258789,423.1000061035156,68.0,143.69000244140625
01.04.2022,89.55999755859375,251.39999389648438,105.9000015258789,396.95001220703125,69.5,154.5
04.04.2022,89.55999755859375,252.89999389648438,105.9000015258789,387.0,71.91999816894531,154.5
05.04.2022,84.5,243.5,100.5999984741211,370.5,72.0199966430664,154.10000610351562
06.04.2022,84.08000183105469,239.6999969482422,100.19999694824219,385.5,70.19999694824219,141.60000610351562
07.04.2022,85.87999725341797,239.6999969482422,101.0,382.04998779296875,68.94999694824219,147.5
08.04.2022,85.87999725341797,239.6999969482422,101.0,382.04998779296875,68.75,143.72000122070312
11.04.2022,83.0,234.5500030517578,101.5,374.0,67.62999725341797,138.69000244140625
12.04.2022,81.36000061035156,236.3000030517578,102.80000305175781,376.70001220703125,69.5199966430664,135.3800048828125
13.04.2022,80.5,234.8699951171875,102.9000015258789,401.8999938964844,68.62999725341797,135.5
14.04.2022,77.23999786376953,222.11000061035156,100.30000305175781,408.1499938964844,66.6500015258789,129.0500030517578
15.04.2022,77.72000122070312,224.0,100.0999984741211,398.6000061035156,66.75,130.8800048828125
18.04.2022,75.5999984741211,216.99000549316406,100.0999984741211,403.1499938964844,64.6050033569336,123.8499984741211
19.04.2022,75.19999694824219,220.72000122070312,99.30000305175781,391.1499938964844,63.20000076293945,120.30000305175781
20.04.2022,75.9800033569336,218.9199981689453,99.0999984741211,392.0,63.20000076293945,121.5
21.04.2022,75.18000030517578,218.9199981689453,99.0999984741211,394.0,63.20000076293945,121.5
